name,municipality,province,region,code
"Alag","Baco","Oriental Mindoro","MIMAROPA","1705201001"
"Bangkatan","Baco","Oriental Mindoro","MIMAROPA","1705201002"
"Baras","Baco","Oriental Mindoro","MIMAROPA","1705201026"
"Bayanan","Baco","Oriental Mindoro","MIMAROPA","1705201027"
"Burbuli","Baco","Oriental Mindoro","MIMAROPA","1705201004"
"Catwiran I","Baco","Oriental Mindoro","MIMAROPA","1705201005"
"Catwiran II","Baco","Oriental Mindoro","MIMAROPA","1705201006"
"Dulangan I","Baco","Oriental Mindoro","MIMAROPA","1705201007"
"Dulangan II","Baco","Oriental Mindoro","MIMAROPA","1705201008"
"Lantuyang","Baco","Oriental Mindoro","MIMAROPA","1705201028"
"Lumang Bayan","Baco","Oriental Mindoro","MIMAROPA","1705201010"
"Malapad","Baco","Oriental Mindoro","MIMAROPA","1705201011"
"Mangangan I","Baco","Oriental Mindoro","MIMAROPA","1705201012"
"Mangangan II","Baco","Oriental Mindoro","MIMAROPA","1705201013"
"Mayabig","Baco","Oriental Mindoro","MIMAROPA","1705201014"
"Pambisan","Baco","Oriental Mindoro","MIMAROPA","1705201015"
"Poblacion","Baco","Oriental Mindoro","MIMAROPA","1705201029"
"Pulang-Tubig","Baco","Oriental Mindoro","MIMAROPA","1705201016"
"Putican-Cabulo","Baco","Oriental Mindoro","MIMAROPA","1705201017"
"San Andres","Baco","Oriental Mindoro","MIMAROPA","1705201018"
"San Ignacio","Baco","Oriental Mindoro","MIMAROPA","1705201019"
"Santa Cruz","Baco","Oriental Mindoro","MIMAROPA","1705201020"
"Santa Rosa I","Baco","Oriental Mindoro","MIMAROPA","1705201021"
"Santa Rosa II","Baco","Oriental Mindoro","MIMAROPA","1705201022"
"Tabon-tabon","Baco","Oriental Mindoro","MIMAROPA","1705201023"
"Tagumpay","Baco","Oriental Mindoro","MIMAROPA","1705201024"
"Water","Baco","Oriental Mindoro","MIMAROPA","1705201025"
"Alcadesma","Bansud","Oriental Mindoro","MIMAROPA","1705202001"
"Bato","Bansud","Oriental Mindoro","MIMAROPA","1705202003"
"Conrazon","Bansud","Oriental Mindoro","MIMAROPA","1705202004"
"Malo","Bansud","Oriental Mindoro","MIMAROPA","1705202005"
"Manihala","Bansud","Oriental Mindoro","MIMAROPA","1705202006"
"Pag-Asa","Bansud","Oriental Mindoro","MIMAROPA","1705202007"
"Poblacion","Bansud","Oriental Mindoro","MIMAROPA","1705202008"
"Proper Bansud","Bansud","Oriental Mindoro","MIMAROPA","1705202009"
"Proper Tiguisan","Bansud","Oriental Mindoro","MIMAROPA","1705202013"
"Rosacara","Bansud","Oriental Mindoro","MIMAROPA","1705202010"
"Salcedo","Bansud","Oriental Mindoro","MIMAROPA","1705202011"
"Sumagui","Bansud","Oriental Mindoro","MIMAROPA","1705202012"
"Villa Pag-Asa","Bansud","Oriental Mindoro","MIMAROPA","1705202014"
"Anilao","Bongabong","Oriental Mindoro","MIMAROPA","1705203001"
"Aplaya","Bongabong","Oriental Mindoro","MIMAROPA","1705203033"
"Bagumbayan I","Bongabong","Oriental Mindoro","MIMAROPA","1705203034"
"Bagumbayan II","Bongabong","Oriental Mindoro","MIMAROPA","1705203035"
"Batangan","Bongabong","Oriental Mindoro","MIMAROPA","1705203002"
"Bukal","Bongabong","Oriental Mindoro","MIMAROPA","1705203003"
"Camantigue","Bongabong","Oriental Mindoro","MIMAROPA","1705203004"
"Carmundo","Bongabong","Oriental Mindoro","MIMAROPA","1705203005"
"Cawayan","Bongabong","Oriental Mindoro","MIMAROPA","1705203006"
"Dayhagan","Bongabong","Oriental Mindoro","MIMAROPA","1705203007"
"Formon","Bongabong","Oriental Mindoro","MIMAROPA","1705203008"
"Hagan","Bongabong","Oriental Mindoro","MIMAROPA","1705203009"
"Hagupit","Bongabong","Oriental Mindoro","MIMAROPA","1705203010"
"Ipil","Bongabong","Oriental Mindoro","MIMAROPA","1705203036"
"Kaligtasan","Bongabong","Oriental Mindoro","MIMAROPA","1705203011"
"Labasan","Bongabong","Oriental Mindoro","MIMAROPA","1705203012"
"Labonan","Bongabong","Oriental Mindoro","MIMAROPA","1705203013"
"Libertad","Bongabong","Oriental Mindoro","MIMAROPA","1705203014"
"Lisap","Bongabong","Oriental Mindoro","MIMAROPA","1705203015"
"Luna","Bongabong","Oriental Mindoro","MIMAROPA","1705203016"
"Malitbog","Bongabong","Oriental Mindoro","MIMAROPA","1705203017"
"Mapang","Bongabong","Oriental Mindoro","MIMAROPA","1705203018"
"Masaguisi","Bongabong","Oriental Mindoro","MIMAROPA","1705203019"
"Mina de Oro","Bongabong","Oriental Mindoro","MIMAROPA","1705203037"
"Morente","Bongabong","Oriental Mindoro","MIMAROPA","1705203020"
"Ogbot","Bongabong","Oriental Mindoro","MIMAROPA","1705203021"
"Orconuma","Bongabong","Oriental Mindoro","MIMAROPA","1705203022"
"Poblacion","Bongabong","Oriental Mindoro","MIMAROPA","1705203032"
"Polusahi","Bongabong","Oriental Mindoro","MIMAROPA","1705203023"
"Sagana","Bongabong","Oriental Mindoro","MIMAROPA","1705203024"
"San Isidro","Bongabong","Oriental Mindoro","MIMAROPA","1705203025"
"San Jose","Bongabong","Oriental Mindoro","MIMAROPA","1705203026"
"San Juan","Bongabong","Oriental Mindoro","MIMAROPA","1705203027"
"Santa Cruz","Bongabong","Oriental Mindoro","MIMAROPA","1705203028"
"Sigange","Bongabong","Oriental Mindoro","MIMAROPA","1705203029"
"Tawas","Bongabong","Oriental Mindoro","MIMAROPA","1705203031"
"Bagong Sikat","Bulalacao","Oriental Mindoro","MIMAROPA","1705204001"
"Balatasan","Bulalacao","Oriental Mindoro","MIMAROPA","1705204002"
"Benli","Bulalacao","Oriental Mindoro","MIMAROPA","1705204003"
"Cabugao","Bulalacao","Oriental Mindoro","MIMAROPA","1705204005"
"Cambunang (Pob.)","Bulalacao","Oriental Mindoro","MIMAROPA","1705204006"
"Campaasan (Pob.)","Bulalacao","Oriental Mindoro","MIMAROPA","1705204007"
"Maasin","Bulalacao","Oriental Mindoro","MIMAROPA","1705204008"
"Maujao","Bulalacao","Oriental Mindoro","MIMAROPA","1705204009"
"Milagrosa","Bulalacao","Oriental Mindoro","MIMAROPA","1705204010"
"Nasukob (Pob.)","Bulalacao","Oriental Mindoro","MIMAROPA","1705204011"
"Poblacion","Bulalacao","Oriental Mindoro","MIMAROPA","1705204012"
"San Francisco","Bulalacao","Oriental Mindoro","MIMAROPA","1705204013"
"San Isidro","Bulalacao","Oriental Mindoro","MIMAROPA","1705204014"
"San Juan","Bulalacao","Oriental Mindoro","MIMAROPA","1705204015"
"San Roque ","Bulalacao","Oriental Mindoro","MIMAROPA","1705204017"
"Balingayan","City of Calapan (Capital)","Oriental Mindoro","MIMAROPA","1705205001"
"Balite","City of Calapan (Capital)","Oriental Mindoro","MIMAROPA","1705205002"
"Baruyan","City of Calapan (Capital)","Oriental Mindoro","MIMAROPA","1705205003"
"Batino","City of Calapan (Capital)","Oriental Mindoro","MIMAROPA","1705205004"
"Bayanan I","City of Calapan (Capital)","Oriental Mindoro","MIMAROPA","1705205005"
"Bayanan II","City of Calapan (Capital)","Oriental Mindoro","MIMAROPA","1705205006"
"Biga","City of Calapan (Capital)","Oriental Mindoro","MIMAROPA","1705205007"
"Bondoc","City of Calapan (Capital)","Oriental Mindoro","MIMAROPA","1705205008"
"Bucayao","City of Calapan (Capital)","Oriental Mindoro","MIMAROPA","1705205009"
"Buhuan","City of Calapan (Capital)","Oriental Mindoro","MIMAROPA","1705205010"
"Bulusan","City of Calapan (Capital)","Oriental Mindoro","MIMAROPA","1705205011"
"Calero (Pob.)","City of Calapan (Capital)","Oriental Mindoro","MIMAROPA","1705205013"
"Camansihan","City of Calapan (Capital)","Oriental Mindoro","MIMAROPA","1705205015"
"Camilmil","City of Calapan (Capital)","Oriental Mindoro","MIMAROPA","1705205016"
"Canubing I","City of Calapan (Capital)","Oriental Mindoro","MIMAROPA","1705205017"
"Canubing II","City of Calapan (Capital)","Oriental Mindoro","MIMAROPA","1705205018"
"Comunal","City of Calapan (Capital)","Oriental Mindoro","MIMAROPA","1705205019"
"Guinobatan","City of Calapan (Capital)","Oriental Mindoro","MIMAROPA","1705205021"
"Gulod","City of Calapan (Capital)","Oriental Mindoro","MIMAROPA","1705205022"
"Gutad","City of Calapan (Capital)","Oriental Mindoro","MIMAROPA","1705205023"
"Ibaba East (Pob.)","City of Calapan (Capital)","Oriental Mindoro","MIMAROPA","1705205025"
"Ibaba West (Pob.)","City of Calapan (Capital)","Oriental Mindoro","MIMAROPA","1705205026"
"Ilaya (Pob.)","City of Calapan (Capital)","Oriental Mindoro","MIMAROPA","1705205027"
"Lalud","City of Calapan (Capital)","Oriental Mindoro","MIMAROPA","1705205028"
"Lazareto","City of Calapan (Capital)","Oriental Mindoro","MIMAROPA","1705205029"
"Libis (Pob.)","City of Calapan (Capital)","Oriental Mindoro","MIMAROPA","1705205030"
"Lumangbayan","City of Calapan (Capital)","Oriental Mindoro","MIMAROPA","1705205031"
"Mahal Na Pangalan","City of Calapan (Capital)","Oriental Mindoro","MIMAROPA","1705205032"
"Maidlang","City of Calapan (Capital)","Oriental Mindoro","MIMAROPA","1705205033"
"Malad","City of Calapan (Capital)","Oriental Mindoro","MIMAROPA","1705205034"
"Malamig","City of Calapan (Capital)","Oriental Mindoro","MIMAROPA","1705205035"
"Managpi","City of Calapan (Capital)","Oriental Mindoro","MIMAROPA","1705205036"
"Masipit","City of Calapan (Capital)","Oriental Mindoro","MIMAROPA","1705205037"
"Nag-Iba I","City of Calapan (Capital)","Oriental Mindoro","MIMAROPA","1705205038"
"Nag-Iba II","City of Calapan (Capital)","Oriental Mindoro","MIMAROPA","1705205068"
"Navotas","City of Calapan (Capital)","Oriental Mindoro","MIMAROPA","1705205039"
"Pachoca","City of Calapan (Capital)","Oriental Mindoro","MIMAROPA","1705205041"
"Palhi","City of Calapan (Capital)","Oriental Mindoro","MIMAROPA","1705205042"
"Panggalaan","City of Calapan (Capital)","Oriental Mindoro","MIMAROPA","1705205043"
"Parang","City of Calapan (Capital)","Oriental Mindoro","MIMAROPA","1705205044"
"Patas","City of Calapan (Capital)","Oriental Mindoro","MIMAROPA","1705205045"
"Personas","City of Calapan (Capital)","Oriental Mindoro","MIMAROPA","1705205046"
"Puting Tubig","City of Calapan (Capital)","Oriental Mindoro","MIMAROPA","1705205047"
"Salong","City of Calapan (Capital)","Oriental Mindoro","MIMAROPA","1705205048"
"San Antonio","City of Calapan (Capital)","Oriental Mindoro","MIMAROPA","1705205049"
"San Vicente Central (Pob.)","City of Calapan (Capital)","Oriental Mindoro","MIMAROPA","1705205050"
"San Vicente East (Pob.)","City of Calapan (Capital)","Oriental Mindoro","MIMAROPA","1705205051"
"San Vicente North (Pob.)","City of Calapan (Capital)","Oriental Mindoro","MIMAROPA","1705205052"
"San Vicente South (Pob.)","City of Calapan (Capital)","Oriental Mindoro","MIMAROPA","1705205053"
"San Vicente West (Pob.)","City of Calapan (Capital)","Oriental Mindoro","MIMAROPA","1705205054"
"Sapul","City of Calapan (Capital)","Oriental Mindoro","MIMAROPA","1705205058"
"Silonay","City of Calapan (Capital)","Oriental Mindoro","MIMAROPA","1705205059"
"Sta. Cruz","City of Calapan (Capital)","Oriental Mindoro","MIMAROPA","1705205055"
"Sta. Isabel","City of Calapan (Capital)","Oriental Mindoro","MIMAROPA","1705205056"
"Sta. Maria Village","City of Calapan (Capital)","Oriental Mindoro","MIMAROPA","1705205061"
"Sta. Rita","City of Calapan (Capital)","Oriental Mindoro","MIMAROPA","1705205012"
"Sto. Niño","City of Calapan (Capital)","Oriental Mindoro","MIMAROPA","1705205057"
"Suqui","City of Calapan (Capital)","Oriental Mindoro","MIMAROPA","1705205062"
"Tawagan","City of Calapan (Capital)","Oriental Mindoro","MIMAROPA","1705205063"
"Tawiran","City of Calapan (Capital)","Oriental Mindoro","MIMAROPA","1705205064"
"Tibag","City of Calapan (Capital)","Oriental Mindoro","MIMAROPA","1705205065"
"Wawa","City of Calapan (Capital)","Oriental Mindoro","MIMAROPA","1705205066"
"Agos","Gloria","Oriental Mindoro","MIMAROPA","1705206002"
"Agsalin","Gloria","Oriental Mindoro","MIMAROPA","1705206001"
"Alma Villa","Gloria","Oriental Mindoro","MIMAROPA","1705206029"
"Andres Bonifacio","Gloria","Oriental Mindoro","MIMAROPA","1705206003"
"Balete","Gloria","Oriental Mindoro","MIMAROPA","1705206004"
"Banus","Gloria","Oriental Mindoro","MIMAROPA","1705206005"
"Banutan","Gloria","Oriental Mindoro","MIMAROPA","1705206006"
"Bulaklakan","Gloria","Oriental Mindoro","MIMAROPA","1705206008"
"Buong Lupa","Gloria","Oriental Mindoro","MIMAROPA","1705206007"
"Gaudencio Antonino","Gloria","Oriental Mindoro","MIMAROPA","1705206009"
"Guimbonan","Gloria","Oriental Mindoro","MIMAROPA","1705206010"
"Kawit","Gloria","Oriental Mindoro","MIMAROPA","1705206012"
"Lucio Laurel","Gloria","Oriental Mindoro","MIMAROPA","1705206013"
"Macario Adriatico","Gloria","Oriental Mindoro","MIMAROPA","1705206014"
"Malamig","Gloria","Oriental Mindoro","MIMAROPA","1705206015"
"Malayong","Gloria","Oriental Mindoro","MIMAROPA","1705206016"
"Maligaya (Pob.)","Gloria","Oriental Mindoro","MIMAROPA","1705206017"
"Malubay","Gloria","Oriental Mindoro","MIMAROPA","1705206018"
"Manguyang","Gloria","Oriental Mindoro","MIMAROPA","1705206020"
"Maragooc","Gloria","Oriental Mindoro","MIMAROPA","1705206021"
"Mirayan","Gloria","Oriental Mindoro","MIMAROPA","1705206022"
"Narra","Gloria","Oriental Mindoro","MIMAROPA","1705206023"
"Papandungin","Gloria","Oriental Mindoro","MIMAROPA","1705206024"
"San Antonio","Gloria","Oriental Mindoro","MIMAROPA","1705206025"
"Santa Maria","Gloria","Oriental Mindoro","MIMAROPA","1705206026"
"Santa Theresa","Gloria","Oriental Mindoro","MIMAROPA","1705206027"
"Tambong","Gloria","Oriental Mindoro","MIMAROPA","1705206028"
"B. Del Mundo","Mansalay","Oriental Mindoro","MIMAROPA","1705207001"
"Balugo","Mansalay","Oriental Mindoro","MIMAROPA","1705207002"
"Bonbon","Mansalay","Oriental Mindoro","MIMAROPA","1705207003"
"Budburan","Mansalay","Oriental Mindoro","MIMAROPA","1705207004"
"Cabalwa","Mansalay","Oriental Mindoro","MIMAROPA","1705207005"
"Don Pedro","Mansalay","Oriental Mindoro","MIMAROPA","1705207007"
"Maliwanag","Mansalay","Oriental Mindoro","MIMAROPA","1705207010"
"Manaul","Mansalay","Oriental Mindoro","MIMAROPA","1705207011"
"Panaytayan","Mansalay","Oriental Mindoro","MIMAROPA","1705207012"
"Poblacion","Mansalay","Oriental Mindoro","MIMAROPA","1705207013"
"Roma","Mansalay","Oriental Mindoro","MIMAROPA","1705207014"
"Santa Brigida","Mansalay","Oriental Mindoro","MIMAROPA","1705207016"
"Santa Maria","Mansalay","Oriental Mindoro","MIMAROPA","1705207017"
"Santa Teresita","Mansalay","Oriental Mindoro","MIMAROPA","1705207020"
"Villa Celestial","Mansalay","Oriental Mindoro","MIMAROPA","1705207018"
"Wasig","Mansalay","Oriental Mindoro","MIMAROPA","1705207019"
"Waygan","Mansalay","Oriental Mindoro","MIMAROPA","1705207021"
"Adrialuna","Naujan","Oriental Mindoro","MIMAROPA","1705208001"
"Andres Ilagan","Naujan","Oriental Mindoro","MIMAROPA","1705208025"
"Antipolo","Naujan","Oriental Mindoro","MIMAROPA","1705208002"
"Apitong","Naujan","Oriental Mindoro","MIMAROPA","1705208003"
"Arangin","Naujan","Oriental Mindoro","MIMAROPA","1705208004"
"Aurora","Naujan","Oriental Mindoro","MIMAROPA","1705208005"
"Bacungan","Naujan","Oriental Mindoro","MIMAROPA","1705208006"
"Bagong Buhay","Naujan","Oriental Mindoro","MIMAROPA","1705208007"
"Balite","Naujan","Oriental Mindoro","MIMAROPA","1705208068"
"Bancuro","Naujan","Oriental Mindoro","MIMAROPA","1705208008"
"Banuton","Naujan","Oriental Mindoro","MIMAROPA","1705208069"
"Barcenaga","Naujan","Oriental Mindoro","MIMAROPA","1705208010"
"Bayani","Naujan","Oriental Mindoro","MIMAROPA","1705208011"
"Buhangin","Naujan","Oriental Mindoro","MIMAROPA","1705208012"
"Caburo","Naujan","Oriental Mindoro","MIMAROPA","1705208070"
"Concepcion","Naujan","Oriental Mindoro","MIMAROPA","1705208013"
"Dao","Naujan","Oriental Mindoro","MIMAROPA","1705208014"
"Del Pilar","Naujan","Oriental Mindoro","MIMAROPA","1705208015"
"Estrella","Naujan","Oriental Mindoro","MIMAROPA","1705208016"
"Evangelista","Naujan","Oriental Mindoro","MIMAROPA","1705208017"
"Gamao","Naujan","Oriental Mindoro","MIMAROPA","1705208018"
"General Esco","Naujan","Oriental Mindoro","MIMAROPA","1705208019"
"Herrera","Naujan","Oriental Mindoro","MIMAROPA","1705208020"
"Inarawan","Naujan","Oriental Mindoro","MIMAROPA","1705208021"
"Kalinisan","Naujan","Oriental Mindoro","MIMAROPA","1705208022"
"Laguna","Naujan","Oriental Mindoro","MIMAROPA","1705208023"
"Mabini","Naujan","Oriental Mindoro","MIMAROPA","1705208024"
"Magtibay","Naujan","Oriental Mindoro","MIMAROPA","1705208071"
"Mahabang Parang","Naujan","Oriental Mindoro","MIMAROPA","1705208026"
"Malaya","Naujan","Oriental Mindoro","MIMAROPA","1705208027"
"Malinao","Naujan","Oriental Mindoro","MIMAROPA","1705208028"
"Malvar","Naujan","Oriental Mindoro","MIMAROPA","1705208029"
"Masagana","Naujan","Oriental Mindoro","MIMAROPA","1705208030"
"Masaguing","Naujan","Oriental Mindoro","MIMAROPA","1705208031"
"Melgar A","Naujan","Oriental Mindoro","MIMAROPA","1705208032"
"Melgar B","Naujan","Oriental Mindoro","MIMAROPA","1705208066"
"Metolza","Naujan","Oriental Mindoro","MIMAROPA","1705208033"
"Montelago","Naujan","Oriental Mindoro","MIMAROPA","1705208034"
"Montemayor","Naujan","Oriental Mindoro","MIMAROPA","1705208035"
"Motoderazo","Naujan","Oriental Mindoro","MIMAROPA","1705208036"
"Mulawin","Naujan","Oriental Mindoro","MIMAROPA","1705208037"
"Nag-Iba I","Naujan","Oriental Mindoro","MIMAROPA","1705208038"
"Nag-Iba II","Naujan","Oriental Mindoro","MIMAROPA","1705208039"
"Pagkakaisa","Naujan","Oriental Mindoro","MIMAROPA","1705208040"
"Paitan","Naujan","Oriental Mindoro","MIMAROPA","1705208072"
"Paniquian","Naujan","Oriental Mindoro","MIMAROPA","1705208042"
"Pinagsabangan I","Naujan","Oriental Mindoro","MIMAROPA","1705208043"
"Pinagsabangan II","Naujan","Oriental Mindoro","MIMAROPA","1705208044"
"Piñahan","Naujan","Oriental Mindoro","MIMAROPA","1705208045"
"Poblacion I","Naujan","Oriental Mindoro","MIMAROPA","1705208046"
"Poblacion II","Naujan","Oriental Mindoro","MIMAROPA","1705208047"
"Poblacion III","Naujan","Oriental Mindoro","MIMAROPA","1705208048"
"Sampaguita","Naujan","Oriental Mindoro","MIMAROPA","1705208049"
"San Agustin I","Naujan","Oriental Mindoro","MIMAROPA","1705208050"
"San Agustin II","Naujan","Oriental Mindoro","MIMAROPA","1705208051"
"San Andres","Naujan","Oriental Mindoro","MIMAROPA","1705208052"
"San Antonio","Naujan","Oriental Mindoro","MIMAROPA","1705208053"
"San Carlos","Naujan","Oriental Mindoro","MIMAROPA","1705208054"
"San Isidro","Naujan","Oriental Mindoro","MIMAROPA","1705208055"
"San Jose","Naujan","Oriental Mindoro","MIMAROPA","1705208056"
"San Luis","Naujan","Oriental Mindoro","MIMAROPA","1705208057"
"San Nicolas","Naujan","Oriental Mindoro","MIMAROPA","1705208058"
"San Pedro","Naujan","Oriental Mindoro","MIMAROPA","1705208059"
"Santa Cruz","Naujan","Oriental Mindoro","MIMAROPA","1705208067"
"Santa Isabel","Naujan","Oriental Mindoro","MIMAROPA","1705208060"
"Santa Maria","Naujan","Oriental Mindoro","MIMAROPA","1705208061"
"Santiago","Naujan","Oriental Mindoro","MIMAROPA","1705208062"
"Santo Niño","Naujan","Oriental Mindoro","MIMAROPA","1705208063"
"Tagumpay","Naujan","Oriental Mindoro","MIMAROPA","1705208064"
"Tigkan","Naujan","Oriental Mindoro","MIMAROPA","1705208065"
"Anoling","Pinamalayan","Oriental Mindoro","MIMAROPA","1705209001"
"Bacungan","Pinamalayan","Oriental Mindoro","MIMAROPA","1705209002"
"Bangbang","Pinamalayan","Oriental Mindoro","MIMAROPA","1705209003"
"Banilad","Pinamalayan","Oriental Mindoro","MIMAROPA","1705209004"
"Buli","Pinamalayan","Oriental Mindoro","MIMAROPA","1705209005"
"Cacawan","Pinamalayan","Oriental Mindoro","MIMAROPA","1705209006"
"Calingag","Pinamalayan","Oriental Mindoro","MIMAROPA","1705209007"
"Delrazon","Pinamalayan","Oriental Mindoro","MIMAROPA","1705209008"
"Guinhawa","Pinamalayan","Oriental Mindoro","MIMAROPA","1705209037"
"Inclanay","Pinamalayan","Oriental Mindoro","MIMAROPA","1705209009"
"Lumambayan","Pinamalayan","Oriental Mindoro","MIMAROPA","1705209010"
"Malaya","Pinamalayan","Oriental Mindoro","MIMAROPA","1705209011"
"Maliangcog","Pinamalayan","Oriental Mindoro","MIMAROPA","1705209012"
"Maningcol","Pinamalayan","Oriental Mindoro","MIMAROPA","1705209013"
"Marayos","Pinamalayan","Oriental Mindoro","MIMAROPA","1705209014"
"Marfrancisco","Pinamalayan","Oriental Mindoro","MIMAROPA","1705209015"
"Nabuslot","Pinamalayan","Oriental Mindoro","MIMAROPA","1705209016"
"Pagalagala","Pinamalayan","Oriental Mindoro","MIMAROPA","1705209017"
"Palayan","Pinamalayan","Oriental Mindoro","MIMAROPA","1705209018"
"Pambisan Malaki","Pinamalayan","Oriental Mindoro","MIMAROPA","1705209019"
"Pambisan Munti","Pinamalayan","Oriental Mindoro","MIMAROPA","1705209020"
"Panggulayan","Pinamalayan","Oriental Mindoro","MIMAROPA","1705209021"
"Papandayan","Pinamalayan","Oriental Mindoro","MIMAROPA","1705209022"
"Pili","Pinamalayan","Oriental Mindoro","MIMAROPA","1705209023"
"Quinabigan","Pinamalayan","Oriental Mindoro","MIMAROPA","1705209027"
"Ranzo","Pinamalayan","Oriental Mindoro","MIMAROPA","1705209028"
"Rosario","Pinamalayan","Oriental Mindoro","MIMAROPA","1705209029"
"Sabang","Pinamalayan","Oriental Mindoro","MIMAROPA","1705209030"
"Sta. Isabel","Pinamalayan","Oriental Mindoro","MIMAROPA","1705209031"
"Sta. Maria","Pinamalayan","Oriental Mindoro","MIMAROPA","1705209032"
"Sta. Rita","Pinamalayan","Oriental Mindoro","MIMAROPA","1705209033"
"Sto. Niño","Pinamalayan","Oriental Mindoro","MIMAROPA","1705209036"
"Wawa","Pinamalayan","Oriental Mindoro","MIMAROPA","1705209034"
"Zone I (Pob.)","Pinamalayan","Oriental Mindoro","MIMAROPA","1705209035"
"Zone II (Pob.)","Pinamalayan","Oriental Mindoro","MIMAROPA","1705209024"
"Zone III (Pob.)","Pinamalayan","Oriental Mindoro","MIMAROPA","1705209025"
"Zone IV (Pob.)","Pinamalayan","Oriental Mindoro","MIMAROPA","1705209026"
"Bacawan","Pola","Oriental Mindoro","MIMAROPA","1705210001"
"Bacungan","Pola","Oriental Mindoro","MIMAROPA","1705210002"
"Batuhan","Pola","Oriental Mindoro","MIMAROPA","1705210004"
"Bayanan","Pola","Oriental Mindoro","MIMAROPA","1705210005"
"Biga","Pola","Oriental Mindoro","MIMAROPA","1705210006"
"Buhay Na Tubig","Pola","Oriental Mindoro","MIMAROPA","1705210007"
"Calima","Pola","Oriental Mindoro","MIMAROPA","1705210009"
"Calubasanhon","Pola","Oriental Mindoro","MIMAROPA","1705210008"
"Campamento","Pola","Oriental Mindoro","MIMAROPA","1705210024"
"Casiligan","Pola","Oriental Mindoro","MIMAROPA","1705210010"
"Malibago","Pola","Oriental Mindoro","MIMAROPA","1705210011"
"Maluanluan","Pola","Oriental Mindoro","MIMAROPA","1705210012"
"Matulatula","Pola","Oriental Mindoro","MIMAROPA","1705210013"
"Misong","Pola","Oriental Mindoro","MIMAROPA","1705210025"
"Pahilahan","Pola","Oriental Mindoro","MIMAROPA","1705210014"
"Panikihan","Pola","Oriental Mindoro","MIMAROPA","1705210015"
"Pula","Pola","Oriental Mindoro","MIMAROPA","1705210019"
"Puting Cacao","Pola","Oriental Mindoro","MIMAROPA","1705210020"
"Tagbakin","Pola","Oriental Mindoro","MIMAROPA","1705210021"
"Tagumpay","Pola","Oriental Mindoro","MIMAROPA","1705210022"
"Tiguihan","Pola","Oriental Mindoro","MIMAROPA","1705210023"
"Zone I (Pob.)","Pola","Oriental Mindoro","MIMAROPA","1705210017"
"Zone II (Pob.)","Pola","Oriental Mindoro","MIMAROPA","1705210018"
"Aninuan","Puerto Galera","Oriental Mindoro","MIMAROPA","1705211001"
"Baclayan","Puerto Galera","Oriental Mindoro","MIMAROPA","1705211013"
"Balatero","Puerto Galera","Oriental Mindoro","MIMAROPA","1705211002"
"Dulangan","Puerto Galera","Oriental Mindoro","MIMAROPA","1705211003"
"Palangan","Puerto Galera","Oriental Mindoro","MIMAROPA","1705211004"
"Poblacion","Puerto Galera","Oriental Mindoro","MIMAROPA","1705211012"
"Sabang","Puerto Galera","Oriental Mindoro","MIMAROPA","1705211005"
"San Antonio","Puerto Galera","Oriental Mindoro","MIMAROPA","1705211006"
"San Isidro","Puerto Galera","Oriental Mindoro","MIMAROPA","1705211007"
"Santo Niño","Puerto Galera","Oriental Mindoro","MIMAROPA","1705211008"
"Sinandigan","Puerto Galera","Oriental Mindoro","MIMAROPA","1705211009"
"Tabinay","Puerto Galera","Oriental Mindoro","MIMAROPA","1705211010"
"Villaflor","Puerto Galera","Oriental Mindoro","MIMAROPA","1705211011"
"Bagumbayan (Pob.)","Roxas","Oriental Mindoro","MIMAROPA","1705212001"
"Cantil","Roxas","Oriental Mindoro","MIMAROPA","1705212002"
"Dangay","Roxas","Oriental Mindoro","MIMAROPA","1705212003"
"Happy Valley","Roxas","Oriental Mindoro","MIMAROPA","1705212004"
"Libertad","Roxas","Oriental Mindoro","MIMAROPA","1705212005"
"Libtong","Roxas","Oriental Mindoro","MIMAROPA","1705212006"
"Little Tanauan","Roxas","Oriental Mindoro","MIMAROPA","1705212020"
"Mabuhay","Roxas","Oriental Mindoro","MIMAROPA","1705212007"
"Maraska","Roxas","Oriental Mindoro","MIMAROPA","1705212008"
"Odiong","Roxas","Oriental Mindoro","MIMAROPA","1705212009"
"Paclasan (Pob.)","Roxas","Oriental Mindoro","MIMAROPA","1705212010"
"San Aquilino","Roxas","Oriental Mindoro","MIMAROPA","1705212011"
"San Isidro","Roxas","Oriental Mindoro","MIMAROPA","1705212012"
"San Jose","Roxas","Oriental Mindoro","MIMAROPA","1705212013"
"San Mariano","Roxas","Oriental Mindoro","MIMAROPA","1705212014"
"San Miguel","Roxas","Oriental Mindoro","MIMAROPA","1705212015"
"San Rafael","Roxas","Oriental Mindoro","MIMAROPA","1705212016"
"San Vicente","Roxas","Oriental Mindoro","MIMAROPA","1705212017"
"Uyao","Roxas","Oriental Mindoro","MIMAROPA","1705212018"
"Victoria","Roxas","Oriental Mindoro","MIMAROPA","1705212019"
"Bigaan","San Teodoro","Oriental Mindoro","MIMAROPA","1705213001"
"Caagutayan","San Teodoro","Oriental Mindoro","MIMAROPA","1705213008"
"Calangatan","San Teodoro","Oriental Mindoro","MIMAROPA","1705213002"
"Calsapa","San Teodoro","Oriental Mindoro","MIMAROPA","1705213003"
"Ilag","San Teodoro","Oriental Mindoro","MIMAROPA","1705213004"
"Lumangbayan","San Teodoro","Oriental Mindoro","MIMAROPA","1705213005"
"Poblacion","San Teodoro","Oriental Mindoro","MIMAROPA","1705213007"
"Tacligan","San Teodoro","Oriental Mindoro","MIMAROPA","1705213006"
"Bagsok","Socorro","Oriental Mindoro","MIMAROPA","1705214001"
"Batong Dalig","Socorro","Oriental Mindoro","MIMAROPA","1705214002"
"Bayuin","Socorro","Oriental Mindoro","MIMAROPA","1705214003"
"Bugtong Na Tuog","Socorro","Oriental Mindoro","MIMAROPA","1705214027"
"Calocmoy","Socorro","Oriental Mindoro","MIMAROPA","1705214005"
"Calubayan","Socorro","Oriental Mindoro","MIMAROPA","1705214010"
"Catiningan","Socorro","Oriental Mindoro","MIMAROPA","1705214006"
"Fortuna","Socorro","Oriental Mindoro","MIMAROPA","1705214008"
"Happy Valley","Socorro","Oriental Mindoro","MIMAROPA","1705214009"
"Leuteboro I","Socorro","Oriental Mindoro","MIMAROPA","1705214012"
"Leuteboro II","Socorro","Oriental Mindoro","MIMAROPA","1705214013"
"Ma. Concepcion","Socorro","Oriental Mindoro","MIMAROPA","1705214029"
"Mabuhay I","Socorro","Oriental Mindoro","MIMAROPA","1705214014"
"Mabuhay II","Socorro","Oriental Mindoro","MIMAROPA","1705214028"
"Malugay","Socorro","Oriental Mindoro","MIMAROPA","1705214015"
"Matungao","Socorro","Oriental Mindoro","MIMAROPA","1705214016"
"Monteverde","Socorro","Oriental Mindoro","MIMAROPA","1705214017"
"Pasi I","Socorro","Oriental Mindoro","MIMAROPA","1705214018"
"Pasi II","Socorro","Oriental Mindoro","MIMAROPA","1705214019"
"Santo Domingo","Socorro","Oriental Mindoro","MIMAROPA","1705214024"
"Subaan","Socorro","Oriental Mindoro","MIMAROPA","1705214025"
"Villareal","Socorro","Oriental Mindoro","MIMAROPA","1705214007"
"Zone I (Pob.)","Socorro","Oriental Mindoro","MIMAROPA","1705214020"
"Zone II (Pob.)","Socorro","Oriental Mindoro","MIMAROPA","1705214021"
"Zone III (Pob.)","Socorro","Oriental Mindoro","MIMAROPA","1705214022"
"Zone IV (Pob.)","Socorro","Oriental Mindoro","MIMAROPA","1705214023"
"Alcate","Victoria","Oriental Mindoro","MIMAROPA","1705215001"
"Antonino","Victoria","Oriental Mindoro","MIMAROPA","1705215038"
"Babangonan","Victoria","Oriental Mindoro","MIMAROPA","1705215002"
"Bagong Buhay","Victoria","Oriental Mindoro","MIMAROPA","1705215004"
"Bagong Silang","Victoria","Oriental Mindoro","MIMAROPA","1705215003"
"Bambanin","Victoria","Oriental Mindoro","MIMAROPA","1705215005"
"Bethel","Victoria","Oriental Mindoro","MIMAROPA","1705215006"
"Canaan","Victoria","Oriental Mindoro","MIMAROPA","1705215007"
"Concepcion","Victoria","Oriental Mindoro","MIMAROPA","1705215008"
"Duongan","Victoria","Oriental Mindoro","MIMAROPA","1705215009"
"Jose Leido Jr.","Victoria","Oriental Mindoro","MIMAROPA","1705215036"
"Loyal","Victoria","Oriental Mindoro","MIMAROPA","1705215010"
"Mabini","Victoria","Oriental Mindoro","MIMAROPA","1705215011"
"Macatoc","Victoria","Oriental Mindoro","MIMAROPA","1705215012"
"Malabo","Victoria","Oriental Mindoro","MIMAROPA","1705215013"
"Merit","Victoria","Oriental Mindoro","MIMAROPA","1705215015"
"Ordovilla","Victoria","Oriental Mindoro","MIMAROPA","1705215016"
"Pakyas","Victoria","Oriental Mindoro","MIMAROPA","1705215017"
"Poblacion I","Victoria","Oriental Mindoro","MIMAROPA","1705215018"
"Poblacion II","Victoria","Oriental Mindoro","MIMAROPA","1705215019"
"Poblacion III","Victoria","Oriental Mindoro","MIMAROPA","1705215020"
"Poblacion IV","Victoria","Oriental Mindoro","MIMAROPA","1705215021"
"Sampaguita","Victoria","Oriental Mindoro","MIMAROPA","1705215027"
"San Antonio","Victoria","Oriental Mindoro","MIMAROPA","1705215028"
"San Cristobal","Victoria","Oriental Mindoro","MIMAROPA","1705215037"
"San Gabriel","Victoria","Oriental Mindoro","MIMAROPA","1705215029"
"San Gelacio","Victoria","Oriental Mindoro","MIMAROPA","1705215030"
"San Isidro","Victoria","Oriental Mindoro","MIMAROPA","1705215031"
"San Juan","Victoria","Oriental Mindoro","MIMAROPA","1705215032"
"San Narciso","Victoria","Oriental Mindoro","MIMAROPA","1705215033"
"Urdaneta","Victoria","Oriental Mindoro","MIMAROPA","1705215034"
"Villa Cerveza","Victoria","Oriental Mindoro","MIMAROPA","1705215035"